"소재지(시군구)별(1)",소재지(시군구)별(2),2020,2020,2020,2020,2020,2020,2020,2021,2021,2021,2021,2021,2021,2021,2022,2022,2022,2022,2022,2022,2022,2023,2023,2023,2023,2023,2023,2023,2024,2024,2024,2024,2024,2024,2024
"소재지(시군구)별(1)",소재지(시군구)별(2),전체인구(A) (명),용도지역기준 (명),용도지역기준 (명),행정구역기준 (명),행정구역기준 (명),도시지역 인구비율 (%),도시지역 인구비율 (%),전체인구(A) (명),용도지역기준 (명),용도지역기준 (명),행정구역기준 (명),행정구역기준 (명),도시지역 인구비율 (%),도시지역 인구비율 (%),전체인구(A) (명),용도지역기준 (명),용도지역기준 (명),행정구역기준 (명),행정구역기준 (명),도시지역 인구비율 (%),도시지역 인구비율 (%),전체인구(A) (명),용도지역기준 (명),용도지역기준 (명),행정구역기준 (명),행정구역기준 (명),도시지역 인구비율 (%),도시지역 인구비율 (%),전체인구(A) (명),용도지역기준 (명),용도지역기준 (명),행정구역기준 (명),행정구역기준 (명),도시지역 인구비율 (%),도시지역 인구비율 (%)
"소재지(시군구)별(1)",소재지(시군구)별(2),소계,도시인구(B),비도시인구(C=A-B),도시인구(D),농촌인구(E=A-D),용도지역 인구기준(B/A*100),행정구역 인구기준(D/A*100),소계,도시인구(B),비도시인구(C=A-B),도시인구(D),농촌인구(E=A-D),용도지역 인구기준(B/A*100),행정구역 인구기준(D/A*100),소계,도시인구(B),비도시인구(C=A-B),도시인구(D),농촌인구(E=A-D),용도지역 인구기준(B/A*100),행정구역 인구기준(D/A*100),소계,도시인구(B),비도시인구(C=A-B),도시인구(D),농촌인구(E=A-D),용도지역 인구기준(B/A*100),행정구역 인구기준(D/A*100),소계,도시인구(B),비도시인구(C=A-B),도시인구(D),농촌인구(E=A-D),용도지역 인구기준(B/A*100),행정구역 인구기준(D/A*100)
"전국",소계,51829023,47570964,4258059,47200100,4628923,91.78,91.07,51638809,47402647,4236162,47102625,4536184,91.80,91.22,51439038,47294436,4144602,46959220,4479818,91.94,91.29,51325329,47275100,4050229,46877443,4447886,92.11,91.33,51217221,47146348,4070873,46827382,4389839,92.05,91.43
"서울특별시",소계,9668465,9668465,-,9668465,-,100.00,100.00,9509458,9509458,-,9509458,-,100.00,100.00,9428372,9428372,-,9428372,-,100.00,100.00,9386034,9386034,-,9386034,-,100.00,100.00,9331828,9331828,0,9331828,0,100.00,100.00
"서울특별시",종로구,149384,149384,0,149384,0,100.00,100.00,144683,144683,0,144683,0,100.00,100.00,141379,141379,0,141379,0,100.00,100.00,139417,139417,0,139417,0,100.00,100.00,138336,138336,0,138336,0,100.00,100.00
"서울특별시",중구,125240,125240,0,125240,0,100.00,100.00,122499,122499,0,122499,0,100.00,100.00,120437,120437,0,120437,0,100.00,100.00,121312,121312,0,121312,0,100.00,100.00,120544,120544,0,120544,0,100.00,100.00
"서울특별시",용산구,230040,230040,0,230040,0,100.00,100.00,222953,222953,0,222953,0,100.00,100.00,218650,218650,0,218650,0,100.00,100.00,213151,213151,0,213151,0,100.00,100.00,203854,203854,0,203854,0,100.00,100.00
"서울특별시",성동구,293556,293556,0,293556,0,100.00,100.00,285990,285990,0,285990,0,100.00,100.00,281000,281000,0,281000,0,100.00,100.00,277361,277361,0,277361,0,100.00,100.00,273669,273669,0,273669,0,100.00,100.00
"서울특별시",광진구,346682,346682,0,346682,0,100.00,100.00,339996,339996,0,339996,0,100.00,100.00,337416,337416,0,337416,0,100.00,100.00,335554,335554,0,335554,0,100.00,100.00,331963,331963,0,331963,0,100.00,100.00
"서울특별시",동대문구,342837,342837,0,342837,0,100.00,100.00,337400,337400,0,337400,0,100.00,100.00,336644,336644,0,336644,0,100.00,100.00,341149,341149,0,341149,0,100.00,100.00,338735,338735,0,338735,0,100.00,100.00
"서울특별시",중랑구,394702,394702,0,394702,0,100.00,100.00,387350,387350,0,387350,0,100.00,100.00,385318,385318,0,385318,0,100.00,100.00,382155,382155,0,382155,0,100.00,100.00,379274,379274,0,379274,0,100.00,100.00
"서울특별시",성북구,437153,437153,0,437153,0,100.00,100.00,430528,430528,0,430528,0,100.00,100.00,430397,430397,0,430397,0,100.00,100.00,425602,425602,0,425602,0,100.00,100.00,421560,421560,0,421560,0,100.00,100.00
"서울특별시",강북구,308055,308055,0,308055,0,100.00,100.00,299182,299182,0,299182,0,100.00,100.00,293660,293660,0,293660,0,100.00,100.00,288113,288113,0,288113,0,100.00,100.00,283597,283597,0,283597,0,100.00,100.00
"서울특별시",도봉구,325257,325257,0,325257,0,100.00,100.00,317366,317366,0,317366,0,100.00,100.00,311694,311694,0,311694,0,100.00,100.00,306948,306948,0,306948,0,100.00,100.00,303228,303228,0,303228,0,100.00,100.00
"서울특별시",노원구,523037,523037,0,523037,0,100.00,100.00,510956,510956,0,510956,0,100.00,100.00,503734,503734,0,503734,0,100.00,100.00,498213,498213,0,498213,0,100.00,100.00,491247,491247,0,491247,0,100.00,100.00
"서울특별시",은평구,479835,479835,0,479835,0,100.00,100.00,473307,473307,0,473307,0,100.00,100.00,466746,466746,0,466746,0,100.00,100.00,466770,466770,0,466770,0,100.00,100.00,460919,460919,0,460919,0,100.00,100.00
"서울특별시",서대문구,312173,312173,0,312173,0,100.00,100.00,304819,304819,0,304819,0,100.00,100.00,306337,306337,0,306337,0,100.00,100.00,306231,306231,0,306231,0,100.00,100.00,302853,302853,0,302853,0,100.00,100.00
"서울특별시",마포구,371890,371890,0,371890,0,100.00,100.00,368905,368905,0,368905,0,100.00,100.00,364638,364638,0,364638,0,100.00,100.00,363697,363697,0,363697,0,100.00,100.00,361417,361417,0,361417,0,100.00,100.00
"서울특별시",양천구,454251,454251,0,454251,0,100.00,100.00,447302,447302,0,447302,0,100.00,100.00,440881,440881,0,440881,0,100.00,100.00,436028,436028,0,436028,0,100.00,100.00,430976,430976,0,430976,0,100.00,100.00
"서울특별시",강서구,580185,580185,0,580185,0,100.00,100.00,574315,574315,0,574315,0,100.00,100.00,569166,569166,0,569166,0,100.00,100.00,563058,563058,0,563058,0,100.00,100.00,556171,556171,0,556171,0,100.00,100.00
"서울특별시",구로구,404408,404408,0,404408,0,100.00,100.00,396754,396754,0,396754,0,100.00,100.00,395315,395315,0,395315,0,100.00,100.00,392405,392405,0,392405,0,100.00,100.00,388169,388169,0,388169,0,100.00,100.00
"서울특별시",금천구,231733,231733,0,231733,0,100.00,100.00,230811,230811,0,230811,0,100.00,100.00,229642,229642,0,229642,0,100.00,100.00,227481,227481,0,227481,0,100.00,100.00,225159,225159,0,225159,0,100.00,100.00
"서울특별시",영등포구,379480,379480,0,379480,0,100.00,100.00,376837,376837,0,376837,0,100.00,100.00,375675,375675,0,375675,0,100.00,100.00,374794,374794,0,374794,0,100.00,100.00,373773,373773,0,373773,0,100.00,100.00
"서울특별시",동작구,391220,391220,0,391220,0,100.00,100.00,385483,385483,0,385483,0,100.00,100.00,380596,380596,0,380596,0,100.00,100.00,378769,378769,0,378769,0,100.00,100.00,375799,375799,0,375799,0,100.00,100.00
"서울특별시",관악구,495060,495060,0,495060,0,100.00,100.00,485699,485699,0,485699,0,100.00,100.00,486752,486752,0,486752,0,100.00,100.00,481956,481956,0,481956,0,100.00,100.00,477812,477812,0,477812,0,100.00,100.00
"서울특별시",서초구,425126,425126,0,425126,0,100.00,100.00,412279,412279,0,412279,0,100.00,100.00,404325,404325,0,404325,0,100.00,100.00,407664,407664,0,407664,0,100.00,100.00,408376,408376,0,408376,0,100.00,100.00
"서울특별시",강남구,539231,539231,0,539231,0,100.00,100.00,533042,533042,0,533042,0,100.00,100.00,529102,529102,0,529102,0,100.00,100.00,544873,544873,0,544873,0,100.00,100.00,557345,557345,0,557345,0,100.00,100.00
"서울특별시",송파구,667960,667960,0,667960,0,100.00,100.00,658338,658338,0,658338,0,100.00,100.00,658801,658801,0,658801,0,100.00,100.00,654166,654166,0,654166,0,100.00,100.00,650110,650110,0,650110,0,100.00,100.00
"서울특별시",강동구,459970,459970,0,459970,0,100.00,100.00,462664,462664,0,462664,0,100.00,100.00,460067,460067,0,460067,0,100.00,100.00,459167,459167,0,459167,0,100.00,100.00,476942,476942,0,476942,0,100.00,100.00
"부산광역시",소계,3391946,3391946,-,3361317,30629,100.00,99.10,3350380,3350380,-,3316641,33739,100.00,98.99,3317812,3317812,-,3310077,7735,100.00,99.77,3293362,3293362,-,3285679,7683,100.00,99.77,3266598,3266598,0,3259192,7406,100.00,99.77
"부산광역시",중구,41523,41523,0,41523,0,100.00,100.00,40524,40524,0,40524,0,100.00,100.00,39689,39689,0,39689,0,100.00,100.00,38619,38619,0,38619,0,100.00,100.00,37537,37537,0,37537,0,100.00,100.00
"부산광역시",서구,108135,108135,0,108135,0,100.00,100.00,105164,105164,0,105164,0,100.00,100.00,105192,105192,0,105192,0,100.00,100.00,104089,104089,0,104089,0,100.00,100.00,103188,103188,0,103188,0,100.00,100.00
"부산광역시",동구,88901,88901,0,88901,0,100.00,100.00,87679,87679,0,87679,0,100.00,100.00,86462,86462,0,86462,0,100.00,100.00,87792,87792,0,87792,0,100.00,100.00,85911,85911,0,85911,0,100.00,100.00
"부산광역시",영도구,113342,113342,0,113342,0,100.00,100.00,110638,110638,0,110638,0,100.00,100.00,108156,108156,0,108156,0,100.00,100.00,106548,106548,0,106548,0,100.00,100.00,103737,103737,0,103737,0,100.00,100.00
"부산광역시",부산진구,359886,359886,0,359886,0,100.00,100.00,353159,353159,0,353159,0,100.00,100.00,355917,355917,0,355917,0,100.00,100.00,359508,359508,0,359508,0,100.00,100.00,359281,359281,0,359281,0,100.00,100.00
"부산광역시",동래구,270745,270745,0,270745,0,100.00,100.00,266866,266866,0,266866,0,100.00,100.00,273226,273226,0,273226,0,100.00,100.00,270815,270815,0,270815,0,100.00,100.00,274370,274370,0,274370,0,100.00,100.00
"부산광역시",남구,267731,267731,0,267731,0,100.00,100.00,262069,262069,0,262069,0,100.00,100.00,256333,256333,0,256333,0,100.00,100.00,254185,254185,0,254185,0,100.00,100.00,254498,254498,0,254498,0,100.00,100.00
"부산광역시",북구,283952,283952,0,283952,0,100.00,100.00,283211,283211,0,283211,0,100.00,100.00,278857,278857,0,278857,0,100.00,100.00,273596,273596,0,273596,0,100.00,100.00,267692,267692,0,267692,0,100.00,100.00
"부산광역시",해운대구,402169,402169,0,402169,0,100.00,100.00,396438,396438,0,396438,0,100.00,100.00,386785,386785,0,386785,0,100.00,100.00,380448,380448,0,380448,0,100.00,100.00,376404,376404,0,376404,0,100.00,100.00
"부산광역시",사하구,311757,311757,0,311757,0,100.00,100.00,306003,306003,0,306003,0,100.00,100.00,301987,301987,0,301987,0,100.00,100.00,297831,297831,0,297831,0,100.00,100.00,292491,292491,0,292491,0,100.00,100.00
"부산광역시",금정구,232666,232666,0,232666,0,100.00,100.00,228049,228049,0,228049,0,100.00,100.00,221256,221256,0,221256,0,100.00,100.00,215590,215590,0,215590,0,100.00,100.00,209932,209932,0,209932,0,100.00,100.00
"부산광역시",강서구,137957,137957,0,137957,0,100.00,100.00,142918,142918,0,142918,0,100.00,100.00,143207,143207,0,143207,0,100.00,100.00,142396,142396,0,142396,0,100.00,100.00,142789,142789,0,142789,0,100.00,100.00
"부산광역시",연제구,209157,209157,0,209157,0,100.00,100.00,207144,207144,0,207144,0,100.00,100.00,203536,203536,0,203536,0,100.00,100.00,205766,205766,0,205766,0,100.00,100.00,212589,212589,0,212589,0,100.00,100.00
"부산광역시",수영구,176894,176894,0,176894,0,100.00,100.00,175095,175095,0,175095,0,100.00,100.00,174806,174806,0,174806,0,100.00,100.00,174518,174518,0,174518,0,100.00,100.00,171918,171918,0,171918,0,100.00,100.00
"부산광역시",사상구,212586,212586,0,212586,0,100.00,100.00,208298,208298,0,208298,0,100.00,100.00,203789,203789,0,203789,0,100.00,100.00,202932,202932,0,202932,0,100.00,100.00,198635,198635,0,198635,0,100.00,100.00
"부산광역시",기장군,174545,174545,0,143916,30629,100.00,82.45,177125,177125,0,143386,33739,100.00,80.95,178614,178614,0,170879,7735,100.00,95.67,178729,178729,0,171046,7683,100.00,95.70,175626,175626,0,168220,7406,100.00,95.78
"대구광역시",소계,2418346,2413450,4896,2393409,24937,99.80,98.97,2385412,2380498,4914,2355083,30329,99.79,98.73,2363691,2359056,4635,2332955,30736,99.80,98.70,2374960,2352173,22787,2329979,44981,99.04,98.11,2363629,2341820,21809,2319615,44014,99.08,98.14
"대구광역시",중구,76547,76547,0,76547,0,100.00,100.00,74791,74791,0,74791,0,100.00,100.00,80199,80199,0,80199,0,100.00,100.00,89064,89064,0,89064,0,100.00,100.00,97711,97711,0,97711,0,100.00,100.00
"대구광역시",동구,341920,337050,4870,341920,0,98.58,100.00,341436,336553,4883,341436,0,98.57,100.00,339530,334909,4621,339530,0,98.64,100.00,342813,338372,4441,342813,0,98.70,100.00,342339,338044,4295,342339,0,98.75,100.00
"대구광역시",서구,170700,170700,0,170700,0,100.00,100.00,164528,164528,0,164528,0,100.00,100.00,159827,159827,0,159827,0,100.00,100.00,164088,164088,0,164088,0,100.00,100.00,163135,163135,0,163135,0,100.00,100.00
"대구광역시",남구,146632,146632,0,146632,0,100.00,100.00,143175,143175,0,143175,0,100.00,100.00,141519,141519,0,141519,0,100.00,100.00,139187,139187,0,139187,0,100.00,100.00,136263,136263,0,136263,0,100.00,100.00
"대구광역시",북구,440263,440263,0,440263,0,100.00,100.00,437008,437008,0,437008,0,100.00,100.00,430912,430912,0,430912,0,100.00,100.00,419624,419624,0,419624,0,100.00,100.00,413010,413010,0,413010,0,100.00,100.00
"대구광역시",수성구,424314,424314,0,424314,0,100.00,100.00,417097,417097,0,417097,0,100.00,100.00,411553,411553,0,411553,0,100.00,100.00,407331,407331,0,407331,0,100.00,100.00,409107,409107,0,409107,0,100.00,100.00
"대구광역시",달서구,558631,558631,0,558631,0,100.00,100.00,544926,544926,0,544926,0,100.00,100.00,536989,536989,0,536989,0,100.00,100.00,527781,527781,0,527781,0,100.00,100.00,522021,522021,0,522021,0,100.00,100.00
"대구광역시",달성군,259339,259313,26,234402,24937,99.99,90.38,262451,262420,31,232122,30329,99.99,88.44,263162,263148,14,232426,30736,99.99,88.32,262084,262041,43,232022,30062,99.98,88.53,257580,257505,75,228226,29354,99.97,88.60
"대구광역시",군위군,-,-,-,-,-,-,-,-,-,-,-,-,-,-,-,-,-,-,-,-,-,22988,4685,18303,8069,14919,20.38,35.1,22463,5024,17439,7803,14660,22.37,34.74
"인천광역시",소계,2942828,2875877,66951,2875877,66951,97.72,97.72,2948375,2881117,67258,2881120,67255,97.72,97.72,2967314,2899766,67548,2899567,67747,97.72,97.72,2997410,2930599,66811,2930327,67083,97.77,97.76,3021010,2953597,67413,2953506,67504,97.77,97.77
"인천광역시",중구,139729,139729,0,139729,0,100.00,100.00,143633,143633,0,143633,0,100.00,100.00,152931,152931,0,152931,0,100.00,100.00,158958,158958,0,158958,0,100.00,100.00,167113,167113,0,167113,0,100.00,100.00
"인천광역시",동구,62542,62542,0,62542,0,100.00,100.00,61486,61486,0,61486,0,100.00,100.00,58999,58999,0,58999,0,100.00,100.00,59482,59482,0,59482,0,100.00,100.00,58296,58296,0,58296,0,100.00,100.00
"인천광역시",미추홀구,404343,404343,0,404343,0,100,100,407464,407464,0,407464,0,100,100,406004,406004,0,406004,0,100,100,405995,405995,0,405995,0,100,100,412274,412274,0,412274,0,100,100
"인천광역시",연수구,387450,387450,0,387450,0,100.00,100.00,389644,389644,0,389644,0,100.00,100.00,385796,385796,0,385796,0,100.00,100.00,392416,392416,0,392416,0,100.00,100.00,400213,400213,0,400213,0,100.00,100.00
"인천광역시",남동구,525354,525354,0,525354,0,100.00,100.00,518272,518272,0,518272,0,100.00,100.00,506181,506181,0,506181,0,100.00,100.00,492415,492415,0,492415,0,100.00,100.00,486225,486225,0,486225,0,100.00,100.00
"인천광역시",부평구,494962,494962,0,494962,0,100.00,100.00,486765,486765,0,486765,0,100.00,100.00,489118,489118,0,489118,0,100.00,100.00,494138,494138,0,494138,0,100.00,100.00,493200,493200,0,493200,0,100.00,100.00
"인천광역시",계양구,296750,296750,0,296750,0,100.00,100.00,295696,295696,0,295696,0,100.00,100.00,288856,288856,0,288856,0,100.00,100.00,280266,280266,0,280266,0,100.00,100.00,280227,280227,0,280227,0,100.00,100.00
"인천광역시",서구,542040,542040,0,542040,0,100.00,100.00,555380,555380,0,555380,0,100.00,100.00,589013,589013,0,589013,0,100.00,100.00,624358,624358,0,624358,0,100.00,100.00,634064,634064,0,634064,0,100.00,100.00
"인천광역시",강화군,69203,22707,46496,22707,46496,32.81,32.81,69693,22777,46916,22780,46913,32.68,32.69,69803,22868,46935,22669,47134,32.76,32.48,69005,22571,46434,22299,46706,32.71,32.32,69402,21985,47417,21894,47508,31.68,31.55
"인천광역시",옹진군,20455,0,20455,0,20455,0.00,0.00,20342,0,20342,0,20342,0.00,0.00,20613,0,20613,0,20613,0.00,0.00,20377,0,20377,0,20377,0.00,0.00,19996,0,19996,0,19996,0.00,0.00
"광주광역시",소계,1450062,1450062,-,1450062,-,100.00,100.00,1441611,1441611,-,1441611,-,100.00,100.00,1431050,1431050,-,1431050,-,100.00,100.00,1419237,1419237,-,1419237,-,100.00,100.00,1408422,1408422,0,1408422,0,100.00,100.00
"광주광역시",동구,102897,102897,0,102897,0,100.00,100.00,103470,103470,0,103470,0,100.00,100.00,105909,105909,0,105909,0,100.00,100.00,107176,107176,0,107176,0,100.00,100.00,106203,106203,0,106203,0,100.00,100.00
"광주광역시",서구,296576,296576,0,296576,0,100.00,100.00,291231,291231,0,291231,0,100.00,100.00,287401,287401,0,287401,0,100.00,100.00,283991,283991,0,283991,0,100.00,100.00,279050,279050,0,279050,0,100.00,100.00
"광주광역시",남구,214579,214579,0,214579,0,100.00,100.00,215575,215575,0,215575,0,100.00,100.00,212379,212379,0,212379,0,100.00,100.00,209646,209646,0,209646,0,100.00,100.00,207597,207597,0,207597,0,100.00,100.00
"광주광역시",북구,430431,430431,0,430431,0,100.00,100.00,427114,427114,0,427114,0,100.00,100.00,424707,424707,0,424707,0,100.00,100.00,421683,421683,0,421683,0,100.00,100.00,423961,423961,0,423961,0,100.00,100.00
"광주광역시",광산구,405579,405579,0,405579,0,100.00,100.00,404221,404221,0,404221,0,100.00,100.00,400654,400654,0,400654,0,100.00,100.00,396741,396741,0,396741,0,100.00,100.00,391611,391611,0,391611,0,100.00,100.00
"대전광역시",소계,1463882,1463882,-,1463882,-,100.00,100.00,1452251,1452251,-,1452251,-,100.00,100.00,1446072,1446072,-,1446072,-,100.00,100.00,1442216,1442216,-,1442216,-,100.00,100.00,1439157,1439157,0,1439157,0,100.00,100.00
"대전광역시",동구,223021,223021,0,223021,0,100.00,100.00,222222,222222,0,222222,0,100.00,100.00,219751,219751,0,219751,0,100.00,100.00,217628,217628,0,217628,0,100.00,100.00,218513,218513,0,218513,0,100.00,100.00
"대전광역시",중구,235550,235550,0,235550,0,100.00,100.00,230341,230341,0,230341,0,100.00,100.00,227108,227108,0,227108,0,100.00,100.00,223256,223256,0,223256,0,100.00,100.00,225008,225008,0,225008,0,100.00,100.00
"대전광역시",서구,477880,477880,0,477880,0,100.00,100.00,473365,473365,0,473365,0,100.00,100.00,470374,470374,0,470374,0,100.00,100.00,464634,464634,0,464634,0,100.00,100.00,457951,457951,0,457951,0,100.00,100.00
"대전광역시",유성구,351047,351047,0,351047,0,100.00,100.00,351277,351277,0,351277,0,100.00,100.00,356093,356093,0,356093,0,100.00,100.00,366845,366845,0,366845,0,100.00,100.00,369468,369468,0,369468,0,100.00,100.00
"대전광역시",대덕구,176384,176384,0,176384,0,100.00,100.00,175046,175046,0,175046,0,100.00,100.00,172746,172746,0,172746,0,100.00,100.00,169853,169853,0,169853,0,100.00,100.00,168217,168217,0,168217,0,100.00,100.00
"울산광역시",소계,1136017,1133881,2136,1102749,33268,99.81,97.07,1121592,1119594,1998,1088376,33216,99.82,97.04,1110663,1108668,1995,1077482,33181,99.82,97.01,1103661,1101810,1851,1070817,32844,99.83,97.02,1098049,1096200,1849,1065484,32565,99.83,97.03
"울산광역시",중구,217595,217595,0,217595,0,100.00,100.00,212883,212883,0,212883,0,100.00,100.00,208132,208132,0,208132,0,100.00,100.00,208668,208668,0,208668,0,100.00,100.00,207000,207000,0,207000,0,100.00,100.00
"울산광역시",남구,320064,320064,0,320064,0,100.00,100.00,313819,313819,0,313819,0,100.00,100.00,310638,310638,0,310638,0,100.00,100.00,307232,307232,0,307232,0,100.00,100.00,304885,304885,0,304885,0,100.00,100.00
"울산광역시",동구,156806,156806,0,156806,0,100.00,100.00,154096,154096,0,154096,0,100.00,100.00,151711,151711,0,151711,0,100.00,100.00,152287,152287,0,152287,0,100.00,100.00,150836,150836,0,150836,0,100.00,100.00
"울산광역시",북구,219014,219014,0,219014,0,100.00,100.00,218735,218735,0,218735,0,100.00,100.00,218670,218670,0,218670,0,100.00,100.00,216477,216477,0,216477,0,100.00,100.00,216522,216522,0,216522,0,100.00,100.00
"울산광역시",울주군,222538,220402,2136,189270,33268,99.04,85.05,222059,220061,1998,188843,33216,99.10,85.04,221512,219517,1995,188331,33181,99.10,85.02,218997,217146,1851,186153,32844,99.15,85.00,218806,216957,1849,186241,32565,99.15,85.12
"세종특별자치시",소계,355831,323806,32025,308942,46889,91.00,86.82,371895,338424,33471,325309,46586,91.00,87.47,383591,349068,34523,338341,45250,91.00,88.20,386525,351737,34788,343026,43499,91.00,88.75,390685,355523,35162,348798,41887,91.00,89.28
"세종특별자치시",세종특별자치시,355831,323806,32025,308942,46889,91.00,86.82,371895,338424,33471,325309,46586,91.00,87.47,383591,349068,34523,338341,45250,91.00,88.20,386525,351737,34788,343026,43499,91.00,88.75,390685,355523,35162,348798,41887,91.00,89.28
"경기도",소계,13427014,12380374,1046640,12681769,745245,92.20,94.45,13565450,12489790,1075660,12849184,716266,92.07,94.72,13589432,12499793,1089639,12877804,711628,91.98,94.76,13630821,12523221,1107600,12929995,700826,91.87,94.86,13694685,12567962,1126723,13004436,690249,91.77,94.96
"경기도",수원시,1186078,1186078,0,1186078,0,100.00,100.00,1183714,1183714,0,1183714,0,100.00,100.00,1190964,1190964,0,1190964,0,100.00,100.00,1197257,1197257,0,1197257,0,100.00,100.00,1193005,1193005,0,1193005,0,100.00,100.00
"경기도",성남시,940064,940064,0,940064,0,100.00,100.00,930948,930948,0,930948,0,100.00,100.00,922518,922518,0,922518,0,100.00,100.00,919747,919747,0,919747,0,100.00,100.00,913009,913009,0,913009,0,100.00,100.00
"경기도",고양시,1079216,1018586,60630,1079216,0,94.38,100.00,1079353,1018715,60638,1079353,0,94.38,100.00,1076535,1016055,60480,1076535,0,94.38,100.00,1074907,1015241,59666,1074907,0,94.45,100.00,1070120,1010720,59400,1070120,0,94.45,100.00
"경기도",용인시,1074176,1029383,44793,1014832,59344,95.83,94.48,1077508,1030536,46972,1041343,36165,95.64,96.64,1074971,1037999,36972,1038930,36041,96.56,96.65,1075566,1038593,36973,1039761,35805,96.56,96.67,1085864,1048537,37327,1050475,35389,96.56,96.74
"경기도",부천시,818383,818383,0,818383,0,100.00,100.00,806067,806067,0,806067,0,100.00,100.00,790128,790128,0,790128,0,100.00,100.00,779968,779968,0,779968,0,100.00,100.00,769918,769918,0,769918,0,100.00,100.00
"경기도",안산시,654915,654915,0,654915,0,100.00,100.00,652726,652726,0,652726,0,100.00,100.00,641660,641660,0,641660,0,100.00,100.00,629308,629308,0,629308,0,100.00,100.00,620579,620579,0,620579,0,100.00,100.00
"경기도",안양시,550027,550027,0,550027,0,100.00,100.00,547178,547178,0,547178,0,100.00,100.00,548228,548228,0,548228,0,100.00,100.00,544660,544660,0,544660,0,100.00,100.00,556492,556492,0,556492,0,100.00,100.00
"경기도",남양주시,713321,650548,62773,680284,33037,91.20,95.37,733798,669224,64574,701244,32554,91.20,95.56,737353,673236,64117,705556,31797,91.30,95.69,732265,669290,62975,701079,31186,91.40,95.74,732482,669415,63067,702063,30419,91.39,95.85
"경기도",화성시,855248,624331,230917,781607,73641,73.00,91.39,887015,647521,239494,812367,74648,73.00,91.58,910814,664894,245920,836281,74533,73.00,91.82,944342,689369,254973,870786,73556,73.00,92.21,968821,678175,290646,895620,73201,70.00,92.44
"경기도",평택시,537307,502832,34475,487143,50164,93.58,90.66,564288,530431,33857,524157,40131,94.00,92.89,578529,543818,34711,538689,39840,94.00,93.11,591022,555560,35462,551296,39726,94.00,93.28,598556,562642,35914,559622,38934,94.00,93.50
"경기도",의정부시,461710,461710,0,461710,0,100.00,100.00,463661,463661,0,463661,0,100.00,100.00,463724,463724,0,463724,0,100.00,100.00,464213,464213,0,464213,0,100.00,100.00,461271,461271,0,461271,0,100.00,100.00
"경기도",시흥시,500895,500895,0,500895,0,100.00,100.00,512030,512030,0,512030,0,100.00,100.00,512912,512912,0,512912,0,100.00,100.00,519715,519715,0,519715,0,100.00,100.00,518132,518132,0,518132,0,100.00,100.00
"경기도",파주시,465617,415622,49995,419680,45937,89.26,90.13,483245,432726,50519,437097,46148,89.55,90.45,495315,443441,51874,450034,45281,89.53,90.86,497753,445000,52753,453894,43859,89.40,91.19,511308,457118,54190,469210,42098,89.40,91.77
"경기도",광명시,298599,298599,0,298599,0,100.00,100.00,292893,292893,0,292893,0,100.00,100.00,287945,287945,0,287945,0,100.00,100.00,280197,280197,0,280197,0,100.00,100.00,278167,278167,0,278167,0,100.00,100.00
"경기도",김포시,473970,437570,36400,450481,23489,92.32,95.04,486508,449144,37364,462988,23520,92.32,95.17,484267,447903,36364,460876,23391,92.49,95.17,486172,449708,36464,463464,22708,92.50,95.33,486853,450338,36515,464606,22247,92.50,95.43
"경기도",군포시,273791,273791,0,273791,0,100.00,100.00,268535,268535,0,268535,0,100.00,100.00,266213,266213,0,266213,0,100.00,100.00,261229,261229,0,261229,0,100.00,100.00,255931,255931,0,255931,0,100.00,100.00
"경기도",광주시,382054,205710,176344,353475,28579,53.84,92.52,387289,204907,182382,357904,29385,52.91,92.41,391462,207123,184339,362324,29138,52.91,92.56,391377,207419,183958,362535,28842,53.00,92.63,397605,255786,141819,369340,28265,64.33,92.89
"경기도",이천시,218388,148560,69828,146965,71423,68.03,67.30,223177,151818,71359,150220,72957,68.03,67.31,222721,151450,71271,149511,73210,68.00,67.13,222098,150678,71420,149462,72636,67.84,67.30,222443,150912,71531,149281,73162,67.84,67.11
"경기도",양주시,230359,172769,57590,194996,35363,75.00,84.65,236368,177276,59092,200833,35535,75.00,84.97,243432,182574,60858,207902,35530,75.00,85.40,268026,201019,67007,233197,34829,75.00,87.01,289005,216753,72252,255087,33918,75.00,88.26
"경기도",오산시,229725,229725,0,229725,0,100.00,100.00,229983,229983,0,229983,0,100.00,100.00,229849,229849,0,229849,0,100.00,100.00,229656,229656,0,229656,0,100.00,100.00,242065,242065,0,242065,0,100.00,100.00
"경기도",구리시,197454,197454,0,197454,0,100.00,100.00,191948,191948,0,191948,0,100.00,100.00,188701,188701,0,188701,0,100.00,100.00,187093,187093,0,187093,0,100.00,100.00,186882,186882,0,186882,0,100.00,100.00
"경기도",안성시,187012,148089,38923,118113,68899,79.19,63.16,189534,150780,38754,120657,68877,79.55,63.66,188842,151074,37768,120350,68492,80.00,63.73,189034,152121,36913,121397,67637,80.47,64.22,193949,155159,38790,128862,65087,80.00,66.44
"경기도",포천시,147274,78505,68769,77129,70145,53.31,52.37,148939,79674,69265,79347,69592,53.49,53.27,146701,56331,90370,78555,68146,38.40,53.55,143323,56330,86993,77022,66301,39.30,53.74,141463,55209,86254,75901,65562,39.03,53.65
"경기도",의왕시,163795,163795,0,163795,0,100.00,100.00,163356,163356,0,163356,0,100.00,100.00,160221,160221,0,160221,0,100.00,100.00,158870,158870,0,158870,0,100.00,100.00,154488,154488,0,154488,0,100.00,100.00
"경기도",하남시,293452,293452,0,293452,0,100.00,100.00,320087,320087,0,320087,0,100.00,100.00,326059,326059,0,326059,0,100.00,100.00,329861,329861,0,329861,0,100.00,100.00,329120,329120,0,329120,0,100.00,100.00
"경기도",여주시,111897,73684,38213,74018,37879,65.85,66.15,112150,73851,38299,74373,37777,65.85,66.32,113150,76812,36338,75693,37457,67.89,66.9,114412,77800,36612,77644,36768,68,67.86,114610,77935,36675,78391,36219,68,68.4
"경기도",양평군,118810,82031,36779,30635,88175,69.04,25.78,121230,83677,37553,30966,90264,69.02,25.54,122323,84866,37457,32200,90123,69.38,26.32,125238,88262,36976,35613,89625,70.48,28.44,126804,89366,37438,37683,89121,70.48,29.72
"경기도",동두천시,94353,89635,4718,94353,0,95.00,100.00,93592,88912,4680,93592,0,95.00,100.00,91546,86968,4578,91546,0,95.00,100.00,88626,75332,13294,88626,0,85.00,100.00,86838,73725,13113,86838,0,84.90,100.00
"경기도",과천시,63231,63231,0,63231,0,100.00,100.00,73345,73345,0,73345,0,100.00,100.00,78137,78137,0,78137,0,100.00,100.00,81000,81000,0,81000,0,100.00,100.00,85512,85512,0,85512,0,100.00,100.00
"경기도",가평군,62377,36410,25967,19496,42881,58.37,31.26,62264,36344,25920,19478,42786,58.37,31.28,62150,36277,25873,19539,42611,58.37,31.44,62302,37394,24908,20656,41646,60.02,33.15,62527,20756,41771,21282,41245,33.20,34.04
"경기도",연천군,43516,33990,9526,27227,16289,78.11,62.57,42721,27783,14938,26794,15927,65.03,62.72,42062,31713,10349,26024,16038,75.40,61.87,41584,31331,10253,25882,15702,75.34,62.24,40866,30845,10021,25484,15382,75.48,62.36
"강원특별자치도",소계,1542840,1276651,266189,1181249,361591,82.75,76.56,1538492,1276023,262469,1178542,359950,82.94,76.60,1536498,1274319,262179,1178425,358073,82.94,76.70,1527807,1273158,254649,1171885,355922,83.33,76.70,1517766,1271342,246424,1161389,356377,83.76,76.52
"강원특별자치도",춘천시,282765,258253,24512,229753,53012,91.33,81.25,284594,259923,24671,231940,52654,91.33,81.50,286664,261724,24940,234820,51844,91.30,81.91,286426,261490,24936,234920,51506,91.29,82.02,286069,261164,24905,233597,52472,91.29,81.66
"강원특별자치도",원주시,354376,326159,28217,290063,64313,92.04,81.85,357757,329137,28620,292042,65715,92.00,81.63,360807,328007,32800,294580,66227,90.91,81.64,361503,328640,32863,295357,66146,90.91,81.70,362164,329241,32923,293535,68629,90.91,81.05
"강원특별자치도",강릉시,213321,186464,26857,185159,28162,87.41,86.80,212965,188487,24478,184992,27973,88.51,86.86,211381,188520,22861,183546,27835,89.18,86.83,209439,189119,20320,181497,27942,90.30,86.66,207731,187577,20154,179810,27921,90.30,86.56
"강원특별자치도",동해시,90593,90254,339,90593,0,99.63,100.00,90081,89744,337,90081,0,99.63,100.00,89426,89092,334,89426,0,99.63,100.00,88625,88321,304,88625,0,99.66,100.00,87675,87377,298,87675,0,99.66,100.00
"강원특별자치도",태백시,42719,41736,983,42719,0,97.70,100.00,40844,39904,940,40844,0,97.70,100.00,39428,37457,1971,39428,0,95.00,100.00,38702,36595,2107,38702,0,94.56,100.00,37936,35871,2065,37936,0,94.56,100.00
"강원특별자치도",속초시,82665,82665,0,82665,0,100.00,100.00,82791,82791,0,82791,0,100.00,100.00,82806,82806,0,82806,0,100.00,100.00,82054,82054,0,82054,0,100.00,100.00,80933,80933,0,80933,0,100.00,100.00
"강원특별자치도",삼척시,65243,51607,13636,54734,10509,79.10,83.89,63429,50172,13257,53215,10214,79.10,83.90,63455,50633,12822,53409,10046,79.79,84.17,62651,50634,12017,52760,9891,80.82,84.21,61735,49894,11841,52174,9561,80.82,84.51
"강원특별자치도",홍천군,69242,34380,34862,34932,34310,49.65,50.45,68365,33634,34731,34186,34179,49.20,50.01,67977,34379,33598,34152,33825,50.57,50.24,67309,34111,33198,33665,33644,50.68,50.02,66717,34025,32692,33708,33009,51.00,50.52
"강원특별자치도",횡성군,46472,19013,27459,20755,25717,40.91,44.66,46481,19017,27464,20967,25514,40.91,45.11,46532,19041,27491,20964,25568,40.92,45.05,46359,19575,26784,20789,25570,42.22,44.84,46111,19470,26641,20694,25417,42.22,44.88
"강원특별자치도",영월군,38662,23970,14692,22192,16470,62.00,57.40,37904,23500,14404,21824,16080,62.00,57.58,37728,24500,13228,21708,16020,64.94,57.54,37332,24243,13089,21389,15943,64.94,57.29,36721,23846,12875,20847,15874,64.94,56.77
"강원특별자치도",평창군,41681,16672,25009,8572,33109,40.00,20.57,40996,16398,24598,8444,32552,40.00,20.60,40990,16387,24603,8407,32583,39.98,20.51,40659,16080,24579,8364,32295,39.55,20.57,40396,15976,24420,8342,32054,39.55,20.65
"강원특별자치도",정선군,36870,24334,12536,23813,13057,66.00,64.59,35675,23545,12130,22931,12744,66.00,64.28,34931,23054,11877,22393,12538,66.00,64.11,34202,22573,11629,21793,12409,66.00,63.72,33515,22120,11395,21358,12157,66.00,63.73
"강원특별자치도",철원군,44699,39812,4887,36522,8177,89.07,81.71,43340,38420,4920,35534,7806,88.65,81.99,42256,38000,4256,34670,7586,89.93,82.05,41448,37462,3986,34087,7361,90.38,82.24,40497,36602,3895,33431,7066,90.38,82.55
"강원특별자치도",화천군,24857,13696,11161,8427,16430,55.10,33.90,24195,13331,10864,8335,15860,55.10,34.45,23388,12886,10502,8139,15249,55.10,34.80,23007,12686,10321,8160,14847,55.14,35.47,22922,12638,10284,8288,14634,55.13,36.16
"강원특별자치도",양구군,22278,12293,9985,14214,8064,55.18,63.80,21748,12001,9747,13802,7946,55.18,63.46,21383,11771,9612,13609,7774,55.05,63.64,21056,11558,9498,13484,7572,54.89,64.04,20621,11319,9302,13175,7446,54.89,63.89
"강원특별자치도",인제군,31694,28525,3169,10355,21339,90.00,32.67,32165,28949,3216,10828,21337,90.00,33.66,32206,29037,3169,10785,21421,90.16,33.49,32020,29138,2882,10644,21376,91.00,33.24,31535,29138,2397,10513,21022,92.40,33.34
"강원특별자치도",고성군,26757,14505,12252,13232,13525,54.21,49.45,27249,14772,12477,13099,14150,54.21,48.07,27274,14786,12488,12978,14296,54.21,47.58,27305,15597,11708,13089,14216,57.12,47.94,26999,21534,5465,12968,14031,79.76,48.03
"강원특별자치도",양양군,27946,12313,15633,12549,15397,44.06,44.90,27913,12298,15615,12687,15226,44.06,45.45,27866,12239,15627,12605,15261,43.92,45.23,27710,13282,14428,12506,15204,47.93,45.13,27489,12617,14872,12405,15084,45.90,45.13
"충청북도",소계,1600837,1262746,338091,1273213,327624,78.88,79.53,1597427,1270768,326659,1273813,323614,79.55,79.74,1595058,1286778,308280,1273718,321340,80.67,79.85,1593469,1311268,282201,1274625,318844,82.29,79.99,1591177,1307094,284083,1274903,316274,82.15,80.12
"충청북도",청주시,844993,769789,75204,775873,69120,91.10,91.82,848482,772967,75515,780235,68247,91.10,91.96,849573,773513,76060,782359,67214,91.05,92.09,852189,790918,61271,786307,65882,92.81,92.27,854537,793097,61440,789893,64644,92.81,92.44
"충청북도",충주시,210186,164128,46058,158934,51252,78.09,75.62,209358,174727,34631,158036,51322,83.46,75.49,208277,176720,31557,156801,51476,84.85,75.28,207778,176710,31068,155420,52358,85.05,74.80,207241,174846,32395,155009,52232,84.37,74.80
"충청북도",제천시,133018,119001,14017,116957,16061,89.46,87.93,131591,115647,15944,115619,15972,87.88,87.86,130988,117635,13353,115116,15872,89.81,87.88,130194,116333,13861,114280,15914,89.35,87.78,128569,109968,18601,112865,15704,85.53,87.79
"충청북도",보은군,32412,13891,18521,14938,17474,42.86,46.09,31878,13662,18216,14757,17121,42.86,46.29,31455,15306,16149,14543,16912,48.66,46.23,31010,14920,16090,14356,16654,48.11,46.29,30527,12695,17832,14195,16332,41.59,46.50
"충청북도",옥천군,50527,29029,21498,28977,21550,57.45,57.35,50093,28780,21313,29064,21029,57.45,58.02,49520,28835,20685,28635,20885,58.23,57.83,48891,29263,19628,28309,20582,59.85,57.90,48204,28852,19352,28072,20132,59.85,58.24
"충청북도",영동군,47475,24820,22655,20911,26564,52.28,44.05,45773,23930,21843,20163,25610,52.28,44.05,44956,31524,13432,19729,25227,70.12,43.89,44195,30981,13214,19449,24746,70.10,44.01,43551,37587,5964,19245,24306,86.31,44.19
"충청북도",진천군,83718,47024,36694,58293,25425,56.17,69.63,85176,47843,37333,59782,25394,56.17,70.19,86147,49242,36905,60087,26060,57.16,69.75,86254,58252,28002,60350,25904,67.54,69.97,86537,57556,28981,60915,25622,66.51,70.39
"충청북도",괴산군,39393,12724,26669,10506,28887,32.30,26.67,38122,12313,25809,9753,28369,32.30,25.58,37055,11969,25086,9481,27574,32.30,25.59,36590,11881,24709,9353,27237,32.47,25.56,36252,10965,25287,9218,27034,30.25,25.43
"충청북도",음성군,93153,37271,55882,36873,56280,40.01,39.58,92197,36888,55309,36235,55962,40.01,39.30,92058,36832,55226,36247,55811,40.01,39.37,91183,36473,54710,35803,55380,40.00,39.26,91236,36494,54742,34955,56281,40.00,38.31
"충청북도",단양군,29155,13739,15416,16034,13121,47.12,55.00,28331,13439,14892,15552,12779,47.44,54.89,27767,13157,14610,15229,12538,47.38,54.85,27701,13186,14515,15232,12469,47.60,54.99,27352,13020,14332,15040,12312,47.60,54.99
"충청북도",증평군,36807,31330,5477,34917,1890,85.12,94.87,36426,30572,5854,34617,1809,83.93,95.03,37262,32045,5217,35491,1771,86.00,95.25,37484,32351,5133,35766,1718,86.31,95.42,37171,32014,5157,35496,1675,86.13,95.49
"충청남도",소계,2121029,1573042,547987,1494885,626144,74.16,70.48,2119257,1573861,545396,1497405,621852,74.26,70.66,2123037,1583332,539705,1498373,624664,74.58,70.58,2130119,1600511,529608,1498739,631380,75.14,70.36,2136574,1616529,520045,1501782,634792,75.66,70.29
"충청남도",천안시,658808,589164,69644,623682,35126,89.43,94.67,658486,588876,69610,623796,34690,89.43,94.73,657559,588048,69511,622996,34563,89.43,94.74,655959,586427,69532,622201,33758,89.40,94.85,659920,589969,69951,620994,38926,89.40,94.10
"충청남도",공주시,104545,71812,32733,67688,36857,68.69,64.75,103145,70850,32295,67022,36123,68.69,64.98,102571,70497,32074,66982,35589,68.73,65.30,102104,70498,31606,67066,35038,69.05,65.68,101285,70407,30878,67007,34278,69.51,66.16
"충청남도",보령시,100229,56605,43624,66550,33679,56.48,66.40,98408,55577,42831,65536,32872,56.48,66.60,97157,54870,42287,65132,32025,56.48,67.04,95772,54088,41684,64564,31208,56.48,67.41,93780,52963,40817,63476,30304,56.48,67.69
"충청남도",아산시,316129,246118,70011,208925,107204,77.85,66.09,324580,252245,72335,213569,111011,77.71,65.80,334539,259985,74554,216377,118162,77.71,64.68,345796,276989,68807,215146,130650,80.10,62.22,355014,294662,60352,217664,137350,83.00,61.31
"충청남도",서산시,175591,122576,53015,107428,68163,69.81,61.18,176645,123120,53525,109508,67137,69.70,61.99,176413,125120,51293,108982,67431,70.92,61.78,176011,125110,50901,109044,66967,71.08,61.95,174445,122112,52333,107890,66555,70.00,61.85
"충청남도",논산시,116675,68633,48042,73519,43156,58.82,63.01,114483,67558,46925,72240,42243,59.01,63.10,112617,66687,45930,71337,41280,59.22,63.34,110423,64457,45966,69936,40487,58.37,63.33,108529,59363,49166,68858,39671,54.70,63.45
"충청남도",계룡시,42822,42822,0,8618,34204,100.00,20.13,43331,43331,0,8573,34758,100.00,19.78,44475,44475,0,8340,36135,100.00,18.75,46667,46667,0,8139,38528,100.00,17.44,46540,46540,0,8073,38467,100.00,17.35
"충청남도",당진시,166249,106253,59996,103326,62923,63.91,62.15,167092,107314,59778,105164,61928,64.22,62.94,168253,109321,58932,106935,61318,64.97,63.56,170302,112718,57584,110222,60080,66.19,64.72,171931,116575,55356,113270,58661,67.80,65.88
"충청남도",금산군,51413,28873,22540,22858,28555,56.16,44.46,50477,28347,22130,22381,28096,56.16,44.34,50092,26944,23148,22420,27672,53.79,44.76,50093,26943,23150,22825,27268,53.79,45.57,49615,26685,22930,22600,27015,53.78,45.55
"충청남도",부여군,65354,38483,26871,20330,45024,58.88,31.11,63774,37553,26221,19575,44199,58.88,30.69,62343,36710,25633,18977,43366,58.88,30.44,61046,36210,24836,18528,42518,59.32,30.35,59550,35730,23820,18022,41528,60.00,30.26
"충청남도",서천군,51866,24662,27204,24870,26996,47.55,47.95,50745,24129,26616,24420,26325,47.55,48.12,49964,24572,25392,24222,25742,49.18,48.48,49116,23062,26054,23875,25241,46.95,48.61,48204,22634,25570,23480,24724,46.95,48.71
"충청남도",청양군,30948,8887,22061,10023,20925,28.72,32.39,30440,8741,21699,9914,20526,28.72,32.57,30266,8691,21575,9983,20283,28.72,32.98,30168,8663,21505,10171,19997,28.72,33.71,29658,8517,21141,10098,19560,28.72,34.05
"충청남도",홍성군,100102,80152,19950,75586,24516,80.07,75.51,99324,79460,19864,75060,24264,80.00,75.57,98068,78454,19614,74061,24007,80.00,75.52,97524,79391,18133,74014,23510,81.41,75.89,99198,80754,18444,76357,22841,81.41,76.97
"충청남도",예산군,78084,50033,28051,43356,34728,64.08,55.52,76801,49211,27590,42837,33964,64.08,55.78,77385,51413,25972,44072,33313,66.44,56.95,78354,52057,26297,45808,32546,66.44,58.46,78772,52335,26437,47185,31587,66.44,59.90
"충청남도",태안군,62214,37969,24245,38126,24088,61.03,61.28,61526,37549,23977,37810,23716,61.03,61.45,61335,37545,23790,37557,23778,61.21,61.23,60784,37231,23553,37200,23584,61.25,61.20,60133,37283,22850,36808,23325,62.00,61.21
"전북특별자치도",소계,1804104,1468963,335141,1429319,374785,81.42,79.23,1786855,1459758,327097,1421490,365365,81.69,79.55,1769607,1453812,315795,1410440,359167,82.15,79.70,1754757,1438807,315950,1400322,354435,81.99,79.80,1738690,1394551,344139,1390152,348538,80.21,79.95
"전북특별자치도",전주시,657432,656775,657,657432,0,99.90,100.00,657269,656391,878,657269,0,99.87,100.00,651495,650625,870,651495,0,99.87,100.00,642727,642727,0,642727,0,100.00,100.00,635651,635651,0,635651,0,100.00,100.00
"전북특별자치도",군산시,267859,233841,34018,234795,33064,87.30,87.66,265304,231610,33694,233095,32209,87.30,87.86,262467,232210,30257,231066,31401,88.47,88.04,259980,230010,29970,229456,30524,88.47,88.26,258047,228300,29747,228590,29457,88.47,88.58
"전북특별자치도",익산시,282276,253653,28623,230723,51553,89.86,81.74,278113,250875,27238,227945,50168,90.21,81.96,273697,249924,23773,224771,48926,91.31,82.12,270036,246121,23915,221547,48489,91.14,82.04,268001,213924,54077,220118,47883,79.82,82.13
"전북특별자치도",정읍시,108508,75955,32553,74543,33965,70.00,68.70,106487,74540,31947,73269,33218,70.00,68.81,105081,74550,30531,72576,32505,70.95,69.07,103620,74551,29069,71886,31734,71.95,69.37,102127,73058,29069,71191,30936,71.54,69.71
"전북특별자치도",남원시,80662,54744,25918,52476,28186,67.87,65.06,79431,54518,24913,51812,27619,68.64,65.23,77948,53510,24438,50780,27168,68.65,65.15,76781,52954,23827,50228,26553,68.97,65.42,75647,52462,23185,49721,25926,69.35,65.73
"전북특별자치도",김제시,82450,41868,40582,44711,37739,50.78,54.23,80913,41567,39346,44302,36611,51.37,54.75,81455,41846,39609,44852,36603,51.37,55.06,81430,41529,39901,44533,36897,51.00,54.69,80635,41124,39511,44122,36513,51.00,54.72
"전북특별자치도",완주군,91609,54966,36643,47500,44109,60.00,51.85,91142,54685,36457,47772,43370,60.00,52.41,92422,55453,36969,49735,42687,60.00,53.81,97827,58696,39131,55084,42743,60.00,56.31,99279,59567,39712,56720,42559,60.00,57.13
"전북특별자치도",진안군,25394,6196,19198,10139,15255,24.40,39.93,24987,6034,18953,9974,15013,24.15,39.92,24550,5890,18660,9773,14777,23.99,39.81,24465,5840,18625,9706,14759,23.87,39.67,24161,5767,18394,9605,14556,23.87,39.75
"전북특별자치도",무주군,24036,10867,13169,9442,14594,45.21,39.28,23748,10737,13011,9426,14322,45.21,39.69,23489,10721,12768,9344,14145,45.64,39.78,23251,10612,12639,9348,13903,45.64,40.20,23032,10074,12958,9326,13706,43.74,40.49
"전북특별자치도",장수군,22085,5604,16481,7406,14679,25.37,33.53,21695,5505,16190,7259,14436,25.37,33.46,21336,5415,15921,7129,14207,25.38,33.41,20983,5414,15569,7041,13942,25.80,33.56,20663,5331,15332,6937,13726,25.80,33.57
"전북특별자치도",임실군,27314,15295,12019,7447,19867,56.00,27.26,26730,14968,11762,7334,19396,56.00,27.44,26508,14844,11664,7271,19237,56.00,27.43,25956,14535,11421,7180,18776,56.00,27.66,25577,14323,11254,7192,18385,56.00,28.12
"전북특별자치도",순창군,27810,10026,17784,10308,17502,36.05,37.07,26855,9682,17173,10086,16769,36.05,37.56,26727,10080,16647,9995,16732,37.71,37.40,26764,10094,16670,10350,16414,37.71,38.67,26822,10116,16706,10425,16397,37.72,38.87
"전북특별자치도",고창군,54529,22253,32276,21394,33135,40.81,39.23,53386,21787,31599,21110,32276,40.81,39.54,52338,22101,30237,20859,31479,42.23,39.85,51750,19505,32245,20667,31083,37.69,39.94,50982,19216,31766,20416,30566,37.69,40.05
"전북특별자치도",부안군,52140,26920,25220,21003,31137,51.63,40.28,50795,26859,23936,20837,29958,52.88,41.02,50094,26643,23451,20794,29300,53.19,41.51,49187,26219,22968,20569,28618,53.30,41.82,48066,25638,22428,20138,27928,53.34,41.90
"전라남도",소계,1851549,1324815,526734,1247486,604063,71.55,67.38,1832803,1325445,507358,1237652,595151,72.32,67.53,1817697,1333674,484023,1227133,590564,73.37,67.51,1804217,1352944,451273,1220730,583487,74.99,67.66,1788819,1351596,437223,1216093,572726,75.56,67.98
"전라남도",목포시,224044,224044,0,224044,0,100.00,100.00,218589,218589,0,218589,0,100.00,100.00,216939,216939,0,216939,0,100.00,100.00,214156,214156,0,214156,0,100.00,100.00,209890,209890,0,209890,0,100.00,100.00
"전라남도",여수시,280242,240223,40019,239931,40311,85.72,85.62,276762,237237,39525,235814,40948,85.72,85.20,274765,238237,36528,233492,41273,86.71,84.98,271696,256984,14712,231088,40608,94.59,85.05,267816,245330,22486,227600,40216,91.60,84.98
"전라남도",순천시,282189,254335,27854,192580,89609,90.13,68.25,281436,253656,27780,191326,90110,90.13,67.98,278737,251656,27081,186257,92480,90.28,66.82,278137,256023,22114,185908,92229,92.05,66.84,276329,254359,21970,185828,90501,92.05,67.25
"전라남도",나주시,115613,77773,37840,79516,36097,67.27,68.78,116726,78553,38173,81806,34920,67.30,70.08,116456,81145,35311,81147,35309,69.68,69.68,117377,81787,35590,81371,36006,69.68,69.32,116654,83497,33157,81232,35422,71.58,69.63
"전라남도",광양시,151769,136592,15177,136016,15753,90.00,89.62,150531,135973,14558,133133,17398,90.33,88.44,152168,137452,14716,134990,17178,90.33,88.71,152666,137902,14764,135892,16774,90.33,89.01,154692,139732,14960,138506,16186,90.33,89.54
"전라남도",담양군,46280,28886,17394,14667,31613,62.42,31.69,46180,28824,17356,15164,31016,62.42,32.84,45792,28630,17162,15243,30549,62.52,33.29,45373,28367,17006,15271,30102,62.52,33.66,44623,27898,16725,14964,29659,62.52,33.53
"전라남도",곡성군,28039,10258,17781,7841,20198,36.58,27.96,27535,10248,17287,7788,19747,37.22,28.28,27060,10048,17012,7612,19448,37.13,28.13,26905,10015,16890,7552,19353,37.22,28.07,26566,9889,16677,7595,18971,37.22,28.59
"전라남도",구례군,25719,10913,14806,10845,14874,42.43,42.17,25235,13344,11891,10730,14505,52.88,42.52,24655,13029,11626,10510,14145,52.85,42.63,24314,12820,11494,10326,13988,52.73,42.47,24025,12645,11380,10262,13763,52.63,42.71
"전라남도",고흥군,63922,33602,30320,23185,40737,52.57,36.27,62762,32992,29770,22893,39869,52.57,36.48,61880,32882,28998,22816,39064,53.14,36.87,61113,32885,28228,22591,38522,53.81,36.97,60190,32388,27802,22507,37683,53.81,37.39
"전라남도",보성군,40482,19018,21464,21108,19374,46.98,52.14,39375,18361,21014,20340,19035,46.63,51.66,38471,18220,20251,19843,18628,47.36,51.58,37686,17550,20136,19527,18159,46.57,51.81,37045,17210,19835,19253,17792,46.46,51.97
"전라남도",화순군,62522,39358,23164,39066,23456,62.95,62.48,62624,50200,12424,39707,22917,80.16,63.41,62024,50178,11846,39470,22554,80.90,63.64,61254,48968,12286,39163,22091,79.94,63.94,60735,49016,11719,39132,21603,80.70,64.43
"전라남도",장흥군,37800,23769,14031,23872,13928,62.88,63.15,36547,22949,13598,23039,13508,62.79,63.04,35650,22518,13132,22519,13131,63.16,63.17,35046,22109,12937,22139,12907,63.09,63.17,34451,22372,12079,21887,12564,64.94,63.53
"전라남도",강진군,34597,13773,20824,13722,20875,39.81,39.66,33753,12685,21068,13256,20497,37.58,39.27,33177,12275,20902,13077,20100,37.00,39.42,32722,12274,20448,12975,19747,37.51,39.65,32189,12074,20115,12823,19366,37.51,39.84
"전라남도",해남군,68806,24220,44586,24912,43894,35.20,36.21,67166,23643,43523,24523,42643,35.20,36.51,65831,23640,42191,24220,41611,35.91,36.79,64575,23750,40825,23950,40625,36.78,37.09,63120,48881,14239,23504,39616,77.44,37.24
"전라남도",영암군,53699,29556,24143,29702,23997,55.04,55.31,52937,29137,23800,29512,23425,55.04,55.75,52395,29137,23258,29421,22974,55.61,56.15,52350,29790,22560,29791,22559,56.91,56.91,51391,18901,32490,29341,22050,36.78,57.09
"전라남도",무안군,86132,57915,28217,61919,24213,67.24,71.89,91107,61260,29847,67597,23510,67.24,74.20,90608,60924,29684,67503,23105,67.24,74.50,90296,62157,28139,67359,22937,68.84,74.60,92687,63803,28884,70249,22438,68.84,75.79
"전라남도",함평군,32050,8448,23602,8401,23649,26.36,26.21,31274,8243,23031,8274,23000,26.36,26.46,30784,8067,22717,8268,22516,26.21,26.86,30601,7984,22617,8306,22295,26.09,27.14,30010,7878,22132,8196,21814,26.25,27.31
"전라남도",영광군,53099,33659,19440,33508,19591,63.39,63.10,51985,32655,19330,32877,19108,62.82,63.24,52197,33378,18819,33378,18819,63.95,63.95,51750,33220,18530,33280,18470,64.19,64.31,52098,33443,18655,33742,18356,64.19,64.77
"전라남도",장성군,44464,23517,20947,13517,30947,52.89,30.40,43365,22936,20429,13334,30031,52.89,30.75,43146,22536,20610,13394,29752,52.23,31.04,42543,21633,20910,13502,29041,50.85,31.74,42026,20530,21496,13492,28534,48.85,32.10
"전라남도",완도군,49916,19542,30374,27260,22656,39.15,54.61,48631,19039,29592,26654,21977,39.15,54.81,47597,29791,17806,26052,21545,62.59,54.73,46641,29691,16950,25555,21086,63.66,54.79,45631,29048,16583,25075,20556,63.66,54.95
"전라남도",진도군,31227,11131,20096,11131,20096,35.65,35.65,30066,10717,19349,10749,19317,35.64,35.75,29507,8827,20680,10536,18971,29.91,35.71,28979,8694,20285,10479,18500,30.00,36.16,28478,8613,19865,10356,18122,30.24,36.36
"전라남도",신안군,38938,4283,34655,10743,28195,11.00,27.59,38217,4204,34013,10547,27670,11.00,27.60,37858,4165,33693,10446,27412,11.00,27.59,38037,4185,33852,10549,27488,11.00,27.73,38173,4199,33974,10659,27514,11.00,27.92
"경상북도",소계,2639422,2059868,579554,1991775,647647,78.04,75.46,2626609,2053158,573451,2015396,611213,78.17,76.73,2600492,2051295,549197,1995486,605006,78.88,76.73,2554324,2042020,512304,1971364,582960,79.94,77.18,2531384,2016062,515322,1978650,552734,79.64,78.16
"경상북도",포항시,502916,457890,45026,464385,38531,91.05,92.34,503852,458742,45110,465570,38282,91.05,92.40,496650,454540,42110,458834,37816,91.52,92.39,493033,451230,41803,456033,37000,91.52,92.50,491581,449901,41680,455607,35974,91.52,92.68
"경상북도",경주시,253502,213804,39698,197654,55848,84.34,77.97,251889,213004,38885,196914,54975,84.56,78.17,249607,214000,35607,194953,54654,85.73,78.10,247489,212170,35319,193123,54366,85.73,78.03,244769,209465,35304,190418,54351,85.58,77.79
"경상북도",김천시,140548,97556,42992,104687,35861,69.41,74.48,140239,97340,42899,105003,35236,69.41,74.87,139324,97527,41797,104323,35001,70.00,74.88,137515,107962,29553,103217,34298,78.51,75.06,135446,103797,31649,101922,33524,76.63,75.25
"경상북도",안동시,158907,118704,40203,122170,36737,74.70,76.88,156972,117259,39713,120776,36196,74.70,76.94,154610,121541,33069,118969,35641,78.61,76.95,152935,120224,32711,117855,35080,78.61,77.06,153159,120757,32402,118378,34781,78.84,77.29
"경상북도",구미시,416328,392927,23401,376566,39762,94.38,90.45,412581,389064,23517,399864,12717,94.30,96.92,408110,384692,23418,395702,12408,94.26,96.96,405506,382237,23269,393376,12130,94.26,97.01,404820,382965,21855,392965,11855,94.60,97.07
"경상북도",영주시,103119,83542,19577,82284,20835,81.02,79.80,101942,82588,19354,81673,20269,81.01,80.12,100749,85783,14966,80904,19845,85.15,80.30,100199,85430,14769,80706,19493,85.26,80.55,98870,84297,14573,79721,19149,85.26,80.63
"경상북도",영천시,102015,66004,36011,66398,35617,64.70,65.09,101888,65922,35966,66924,34964,64.70,65.68,101088,65925,35163,66447,34641,65.22,65.73,100212,65487,34725,65566,34646,65.35,65.43,98143,64135,34008,63923,34220,65.35,65.13
"경상북도",상주시,97228,50371,46857,56935,40293,51.81,58.56,95566,49571,45995,56153,39413,51.87,58.76,94823,49185,45638,55749,39074,51.87,58.79,93858,48687,45171,55214,38644,51.87,58.83,91850,47672,44178,54143,37707,51.90,58.95
"경상북도",문경시,71406,52840,18566,52610,18796,74.00,73.68,71154,52651,18503,52231,18923,74.00,73.41,70373,52076,18297,51713,18660,74.00,73.48,68755,50245,18510,50583,18172,73.08,73.57,67257,41633,25624,49522,17735,61.90,73.63
"경상북도",경산시,263728,233768,29960,242045,21683,88.64,91.78,268369,238948,29421,247284,21085,89.04,92.14,267725,238960,28765,246962,20763,89.26,92.24,266205,238950,27255,245831,20374,89.76,92.35,266398,239110,27288,246527,19871,89.76,92.54
"경상북도",군위군,23256,4447,18809,8193,15063,19.12,35.23,22945,4388,18557,8161,14784,19.12,35.57,23340,5867,17473,8275,15065,25.14,35.45,-,-,-,-,-,-,-,-,-,-,-,-,-,-
"경상북도",의성군,51724,26319,25405,13447,38277,50.88,26.00,50632,25557,25075,12971,37661,50.48,25.62,50186,25253,24933,12811,37375,50.32,25.53,50086,25203,24883,12676,37410,50.32,25.31,48690,24500,24190,12296,36394,50.32,25.25
"경상북도",청송군,25044,11786,13258,5196,19848,47.06,20.75,24539,11370,13169,5108,19431,46.33,20.82,24295,11304,12991,5085,19210,46.53,20.93,24019,11238,12781,5016,19003,46.79,20.88,23716,11034,12682,4849,18867,46.53,20.45
"경상북도",영양군,16692,7254,9438,7305,9387,43.46,43.76,16320,7248,9072,7125,9195,44.41,43.66,16022,6386,9636,7025,8997,39.86,43.85,15661,6651,9010,6867,8794,42.47,43.85,15328,6438,8890,6685,8643,42.00,43.61
"경상북도",영덕군,36313,18122,18191,11040,25273,49.90,30.40,35314,16963,18351,10740,24574,48.03,30.41,34650,17730,16920,10580,24070,51.17,30.53,34055,18010,16045,10414,23641,52.89,30.58,33210,15420,17790,10208,23002,46.43,30.74
"경상북도",청도군,42263,15760,26503,20245,22018,37.29,47.90,41891,15401,26490,20053,21838,36.76,47.87,41614,15400,26214,19899,21715,37.01,47.82,41316,15290,26026,19658,21658,37.01,47.58,40582,15018,25564,19199,21383,37.01,47.31
"경상북도",고령군,31361,18534,12827,10077,21284,59.10,32.13,30626,18069,12557,9886,20740,59.00,32.28,30353,17971,12382,9827,20526,59.21,32.38,30139,17700,12439,9660,20479,58.73,32.05,30062,17737,12325,9404,20658,59.00,31.28
"경상북도",성주군,43414,13732,29682,13737,29677,31.63,31.64,42842,13551,29291,13518,29324,31.63,31.55,42566,13464,29102,13376,29190,31.63,31.42,42086,13312,28774,13300,28786,31.63,31.60,41452,13285,28167,13272,28180,32.05,32.02
"경상북도",칠곡군,114758,94976,19782,88638,26120,82.76,77.24,113822,94472,19350,88316,25506,83.00,77.59,112487,93364,19123,87602,24885,83.00,77.88,110581,91958,18623,86312,24269,83.16,78.05,107383,89222,18161,83718,23665,83.09,77.96
"경상북도",예천군,55613,31060,24553,14801,40812,55.85,26.61,55739,31578,24161,14548,41191,56.65,26.10,55755,31570,24185,14333,41422,56.62,25.71,55325,31600,23725,14059,41266,57.12,25.41,54609,31775,22834,34593,20016,58.19,63.35
"경상북도",봉화군,31494,10028,21466,10008,21486,31.84,31.78,30762,9795,20967,9701,21061,31.84,31.54,30139,9506,20633,9507,20632,31.54,31.54,29603,9404,20199,9371,20232,31.77,31.66,28836,9228,19608,9083,19753,32.00,31.50
"경상북도",울진군,48716,34058,14658,16920,31796,69.91,34.73,47858,33459,14399,16599,31259,69.91,34.68,47030,32880,14150,16239,30791,69.91,34.53,46669,32628,14041,16104,30565,69.91,34.51,46124,32247,13877,15862,30262,69.91,34.39
"경상북도",울릉군,9077,6386,2691,6434,2643,70.35,70.88,8867,6218,2649,6278,2589,70.13,70.80,8996,6371,2625,6371,2625,70.82,70.82,9077,6404,2673,6423,2654,70.55,70.76,9099,6426,2673,6355,2744,70.62,69.84
"경상남도",소계,3340216,2891466,448750,2637819,702397,86.57,78.97,3314183,2867756,446427,2619729,694454,86.53,79.05,3280493,2858005,422488,2593448,687045,87.12,79.06,3251158,2843389,407769,2565122,686036,87.46,78.90,3228380,2821395,406985,2541431,686949,87.39,78.72
"경상남도",창원시,1036738,1016936,19802,961887,74851,98.09,92.78,1032741,1013015,19726,958644,74097,98.09,92.83,1021487,1002515,18972,948343,73144,98.14,92.84,1009038,992496,16542,936425,72613,98.36,92.80,999858,984860,14998,928033,71825,98.50,92.82
"경상남도",진주시,348096,317695,30401,286506,61590,91.27,82.31,347097,316783,30314,285692,61405,91.27,82.31,343782,313758,30024,283303,60479,91.27,82.41,341074,311287,29787,281405,59669,91.27,82.51,338785,311094,27691,280201,58584,91.83,82.71
"경상남도",통영시,128293,95479,32814,76055,52238,74.42,59.28,125383,87768,37615,73829,51554,70.00,58.88,122681,98077,24604,71772,50909,79.94,58.50,120551,96479,24072,70208,50343,80.03,58.24,118481,94740,23741,68389,50092,79.96,57.72
"경상남도",사천시,111105,94695,16410,63562,47543,85.23,57.21,109953,94356,15597,62428,47525,85.81,56.78,109369,93796,15573,61820,47549,85.76,56.52,109030,93505,15525,60862,48168,85.76,55.82,108504,93053,15451,59642,48862,85.76,54.97
"경상남도",김해시,542338,527618,14720,496700,45638,97.29,91.58,537673,523080,14593,492713,44960,97.29,91.64,535129,520774,14355,490772,44357,97.32,91.71,533659,520994,12665,489486,44173,97.63,91.72,531676,519058,12618,488087,43589,97.63,91.80
"경상남도",밀양시,104831,68926,35905,66723,38108,65.75,63.65,103525,68067,35458,66240,37285,65.75,63.98,102945,66314,36631,66114,36831,64.42,64.22,102084,65703,36381,65542,36542,64.36,64.20,100691,64806,35885,64501,36190,64.36,64.06
"경상남도",거제시,245754,199577,46177,191893,53861,81.21,78.08,241216,195892,45324,188351,52865,81.21,78.08,236662,191696,44966,185004,51658,81.00,78.17,234038,193795,40243,182844,51194,82.80,78.13,232972,184407,48565,182959,50013,79.15,78.53
"경상남도",양산시,352229,348863,3366,292309,59920,99.04,82.99,354726,351355,3371,293219,61507,99.05,82.66,353792,350456,3336,290590,63202,99.06,82.14,355122,351789,3333,285960,69162,99.06,80.52,359531,356165,3366,280413,79118,99.06,77.99
"경상남도",의령군,26800,12500,14300,9543,17257,46.64,35.61,26322,12225,14097,9458,16864,46.44,35.93,26061,12421,13640,9344,16717,47.66,35.85,25475,11780,13695,9104,16371,46.24,35.74,25150,11569,13581,9033,16117,46.00,35.92
"경상남도",함안군,64182,38233,25949,38152,26030,59.57,59.44,62547,37259,25288,37205,25342,59.57,59.48,61456,36759,24697,36525,24931,59.81,59.43,60203,35882,24321,35682,24521,59.60,59.27,58842,35070,23772,34949,23893,59.60,59.39
"경상남도",창녕군,61301,34526,26775,29257,32044,56.32,47.73,60129,33866,26263,28659,31470,56.32,47.66,58372,32483,25889,28026,30346,55.65,48.01,57083,31766,25317,27465,29618,55.65,48.11,56085,31211,24874,26983,29102,55.65,48.11
"경상남도",고성군,51361,24484,26877,24493,26868,47.67,47.69,50478,24063,26415,23986,26492,47.67,47.52,50448,23711,26737,23919,26529,47.00,47.41,49468,23350,26118,23309,26159,47.20,47.12,48005,22796,25209,22770,25235,47.49,47.43
"경상남도",남해군,42958,13167,29791,13222,29736,30.65,30.78,42266,12955,29311,13087,29179,30.65,30.96,41579,12749,28830,12848,28731,30.66,30.90,40780,12499,28281,12581,28199,30.65,30.85,39832,11949,27883,12257,27575,30.00,30.77
"경상남도",하동군,44785,8957,35828,10021,34764,20.00,22.38,43449,8261,35188,9724,33725,19.01,22.38,42465,8756,33709,9570,32895,20.62,22.54,41606,8579,33027,9435,32171,20.62,22.68,40765,8561,32204,9229,31536,21.00,22.64
"경상남도",산청군,34857,5420,29437,6840,28017,15.55,19.62,34360,5316,29044,6736,27624,15.47,19.60,34028,5216,28812,6672,27356,15.33,19.61,33752,5200,28552,6730,27022,15.41,19.94,33259,5191,28068,6527,26732,15.61,19.62
"경상남도",함양군,39080,18399,20681,18418,20662,47.08,47.13,38310,18090,20220,18109,20201,47.22,47.27,37708,24034,13674,17888,19820,63.74,47.44,36945,24030,12915,17483,19462,65.04,47.32,36131,23485,12646,17110,19021,65.00,47.36
"경상남도",거창군,61502,40597,20905,40899,20603,66.01,66.50,61073,40677,20396,40541,20532,66.60,66.38,60387,40220,20167,39933,20454,66.60,66.13,60047,39984,20063,39772,20275,66.59,66.23,59588,39685,19903,39699,19889,66.60,66.62
"경상남도",합천군,44006,25394,18612,11339,32667,57.71,25.77,42935,24728,18207,11108,31827,57.59,25.87,42142,24270,17872,11005,31137,57.59,26.11,41203,24271,16932,10829,30374,58.91,26.28,40225,23695,16530,10649,29576,58.91,26.47
"제주특별자치도",소계,674635,611670,62965,637882,36753,90.67,94.55,676759,612755,64004,639565,37194,90.54,94.50,678159,613564,64595,640477,37682,90.47,94.44,675252,612614,62638,637346,37906,90.72,94.39,670368,606672,63696,632544,37824,90.50,94.36
"제주특별자치도",제주시,492466,453857,38609,480020,12446,92.16,97.47,493096,453648,39448,480523,12573,92.00,97.45,493389,453794,39595,480647,12742,91.97,97.42,491654,453857,37797,478847,12807,92.31,97.40,488348,449280,39068,475661,12687,92.00,97.40
"제주특별자치도",서귀포시,182169,157813,24356,157862,24307,86.63,86.66,183663,159107,24556,159042,24621,86.63,86.59,184770,159770,25000,159830,24940,86.47,86.50,183598,158757,24841,158499,25099,86.47,86.33,182020,157392,24628,156883,25137,86.47,86.19
